"Id","IsDeleted","MasterRecordId","AccountId","LastName","FirstName","Salutation","Name","OtherStreet","OtherCity","OtherState","OtherPostalCode","OtherCountry","OtherLatitude","OtherLongitude","OtherGeocodeAccuracy","MailingStreet","MailingCity","MailingState","MailingPostalCode","MailingCountry","MailingLatitude","MailingLongitude","MailingGeocodeAccuracy","Phone","Fax","MobilePhone","HomePhone","OtherPhone","AssistantPhone","ReportsToId","Email","Title","Department","AssistantName","LeadSource","Birthdate","Description","OwnerId","CreatedDate","CreatedById","LastModifiedDate","LastModifiedById","SystemModstamp","LastActivityDate","LastCURequestDate","LastCUUpdateDate","LastViewedDate","LastReferencedDate","EmailBouncedReason","EmailBouncedDate","IsEmailBounced","PhotoUrl","Jigsaw","JigsawContactId","CleanStatus","IndividualId","IsPriorityRecord","ContactSource","Level__c","Languages__c","FormerID__c","ZeroTrustId__c","ZeroTrustHash__c","ZeroTrustResidencyRegion__c"
"003J700000Iy2vOIAR","0","","0017Q00000r5hdPQAQ","ANDREW","Marni","","Marni ANDREW","","","","","","","","","923 Bayberry Drive","Hacienda Heights","","43435","FR","","","","408-703-8505","","0699056845","","","","","003j700000iy2voiar@anonymized.com","ANONYMIZED TITLE","","","","","","0057Q000002bD1gQAE","2025-05-14T14:53:09.000+0000","0057Q000002bD1gQAE","2025-05-14T14:54:33.000+0000","0057Q000002bD1gQAE","2025-05-14T14:54:33.000+0000","","","","2025-05-14T14:55:19.000+0000","2025-05-14T14:55:19.000+0000","","","0","/services/images/photo/003J700000Iy2vOIAR","","","Pending","0PKJ70000016YnfOAE","0","","","","","","",""
"003J700000Jvqz8IAB","0","","","HOBSON","Clay","","Clay HOBSON","","","","","","","","","722 Hawthorne Avenue","Hacienda Heights","","59046","FR","","","","732-730-2692","","0699056855","","","","","003j700000jvqz8iab@anonymized.com","","","","","","","0057Q000002bD1gQAE","2025-05-21T15:27:11.000+0000","0057Q000002bD1gQAE","2025-05-21T15:28:51.000+0000","0057Q000002bD1gQAE","2025-05-21T15:28:51.000+0000","","","","2025-05-21T15:32:12.000+0000","2025-05-21T15:32:12.000+0000","","","0","/services/images/photo/003J700000Jvqz8IAB","","","Pending","0PKJ70000016YosOAE","0","","","","","","",""
"0037Q00000dfkBOQAY","0","","0017Q00000r5hGoQAI","Barr","Tim","Mr.","Tim Barr","","","","","","","","","2335 N. Michigan Avenue, Suite 1500
Chicago, IL 60601, USA","","","","","","","","(312) 596-1000","(312) 596-1500","(312) 596-1230","","","","","barr_tim@grandhotels.com","SVP, Administration and Finance","Finance","","External Referral","1955-08-20","","0057Q000002bD1gQAE","2023-03-03T10:48:07.000+0000","0057Q000002bD1gQAE","2025-07-02T12:34:37.000+0000","0057Q000002bD1gQAE","2025-07-02T12:34:37.000+0000","","","","2025-06-26T08:43:26.000+0000","2025-06-26T08:43:26.000+0000","","","0","/services/images/photo/0037Q00000dfkBOQAY","","","Pending","","0","","Secondary","English","","","",""
"0037Q00000dfkBPQAY","0","","0017Q00000r5hdLQAQ","James","Ashley","Ms.","Ashley James","","","","","","","","","Kings Park, 17th Avenue, Team Valley Trading Estate,
Gateshead, Tyne and Wear NE26 3HS
United Kingdom","","","","","","","","+44 191 4956203","+44 191 4956620","+44 191 3456299","","","","","ajames@uog.com","VP, Finance","Finance","","Public Relations","1948-04-21","","0057Q000002bD1gQAE","2023-03-03T10:48:07.000+0000","0057Q000002bD1gQAE","2025-07-02T12:34:37.000+0000","0057Q000002bD1gQAE","2025-07-02T12:34:37.000+0000","","","","2025-06-26T08:43:26.000+0000","2025-06-26T08:43:26.000+0000","","","0","/services/images/photo/0037Q00000dfkBPQAY","","","Pending","","0","","Primary","English","","","",""
"0037Q00000dfkBRQAY","0","","0017Q00000r5hdMQAQ","SMYTH","Twyla","Mr.","Twyla SMYTH","","","","","","","","","960 Fieldstone Drive","","","","","","","","01467-172590","506-617-2607","(512) 757-4561","","","","","0037q00000dfkbrqay@anonymized.com","ANONYMIZED TITLE","Finance","","Trade Show","1991-09-15","","0057Q000002bD1gQAE","2023-03-03T10:48:07.000+0000","0057Q000002bD1gQAE","2025-07-02T12:34:37.000+0000","0057Q000002bD1gQAE","2025-07-02T12:34:37.000+0000","","","","2025-06-26T08:43:26.000+0000","2025-06-26T08:43:26.000+0000","","","0","/services/images/photo/0037Q00000dfkBRQAY","","","Pending","0PK7Q000003aTDIWA2","0","","Secondary","English","","","",""
"0037Q00000dfkBSQAY","0","","0017Q00000r5hGqQAI","VILLAREAL","Starr","Mr","Starr VILLAREAL","206 4th Street","Durham","KS","55603","USA","","","","13 1st Avenue","Durham","KS","76871","USA","","","","609-200-8577","","(785) 265-5350","","","","","0037q00000dfkbsqay@anonymized.com","ANONYMIZED TITLE","Internal Operations","","Purchased List","2025-01-21","","0057Q000002bD1gQAE","2023-03-03T10:48:07.000+0000","0057Q000002bD1gQAE","2025-07-02T12:34:37.000+0000","0057Q000002bD1gQAE","2025-07-02T12:34:37.000+0000","","","","2025-06-26T08:43:26.000+0000","2025-06-26T08:43:26.000+0000","","","0","/services/images/photo/0037Q00000dfkBSQAY","","","Pending","0PK7Q000000gBRSWA2","0","","Primary","English","","","",""
"0037Q00000dfkBUQAY","0","","0017Q00000r5hdNQAQ","FRANKS","Rex","Mr.","Rex FRANKS","","","","","","","","","710 Fawn Court","","","","","","","","08-3071-2258","602-954-5141","(503) 421-4387","","","","","0037q000004xsonqaw@odaseva.ano","ANONYMIZED TITLE","Warehouse Mgmt","","Word of mouth","2011-08-16","","0057Q000002bD1gQAE","2023-03-03T10:48:07.000+0000","0057Q000002bD1gQAE","2025-07-02T12:34:37.000+0000","0057Q000002bD1gQAE","2025-07-02T12:34:37.000+0000","","","","2025-06-26T08:43:26.000+0000","2025-06-26T08:43:26.000+0000","","","0","/services/images/photo/0037Q00000dfkBUQAY","","","Pending","0PKJ70000016Y5OOAU","0","","Secondary","English","","","",""
"0037Q00000dfkBVQAY","0","","0017Q00000r5hdNQAQ","JOLLY","Sebastian","Ms.","Sebastian JOLLY","","","","","","","","","240 10th Street","","","","","","","","418-348-2107","718-201-3751","(503) 421-5451","","","613-273-5773","","0037q000004xsomqaw@odaseva.ano","ANONYMIZED TITLE","Operations","ANONYMIZED ASSISTANT","Word of mouth","2000-03-10","","0057Q000002bD1gQAE","2023-03-03T10:48:07.000+0000","0057Q000002bD1gQAE","2025-07-02T12:34:37.000+0000","0057Q000002bD1gQAE","2025-07-02T12:34:37.000+0000","","","","2025-06-26T08:43:26.000+0000","2025-06-26T08:43:26.000+0000","","","0","/services/images/photo/0037Q00000dfkBVQAY","","","Pending","","0","","Primary","English","","","",""
"0037Q00000dfkBWQAY","0","","0017Q00000r5hdKQAQ","INGRAM","Gemma","Mr.","Gemma INGRAM","","","","","","","","","299 Valley Drive","Dedham","NC","23462","USA","","","","705-414-4712","604-925-4225","","","","","","0037q00000dfkbwqay@anonymized.com","ANONYMIZED TITLE","","","Web","2025-01-21","","0057Q000002bD1gQAE","2023-03-03T10:48:07.000+0000","0057Q000002bD1gQAE","2025-07-02T12:34:37.000+0000","0057Q000002bD1gQAE","2025-07-02T12:34:37.000+0000","","","","2025-06-26T08:43:26.000+0000","2025-06-26T08:43:26.000+0000","","","0","/services/images/photo/0037Q00000dfkBWQAY","","","Pending","0PK7Q000003aX4PWAU","0","","","","","","",""
"0037Q00000dfkBXQAY","0","","0017Q00000r5hGpQAI","Song","Arthur","Mr.","Arthur Song","","","","","","","","","1301 Avenue of the Americas 
New York, NY 10019
USA","","","","","","","","(212) 842-5500","(212) 842-5501","(212) 842-4535","","","(212) 842-5464","","asong@uog.com","CEO","Executive Team","Pat Feinstein","Public Relations","1953-08-12","","0057Q000002bD1gQAE","2023-03-03T10:48:07.000+0000","0057Q000002bD1gQAE","2025-07-02T12:34:37.000+0000","0057Q000002bD1gQAE","2025-07-02T12:34:37.000+0000","","","","2025-06-26T08:43:26.000+0000","2025-06-26T08:43:26.000+0000","","","0","/services/images/photo/0037Q00000dfkBXQAY","","","Pending","","0","","Secondary","English","","","",""
"0037Q00000dfkBYQAY","0","","0017Q00000r5hdMQAQ","RIOS","Larissa","Ms.","Larissa RIOS","","","","","","","","","69 Edgewood Road","","","","","","","","03-4933-4205","07-8441-8214","(512) 757-9340","","","","","0037q00000dfkbyqay@anonymized.com","ANONYMIZED TITLE","Procurement","","Trade Show","1985-01-13","","0057Q000002bD1gQAE","2023-03-03T10:48:07.000+0000","0057Q000002bD1gQAE","2025-07-02T12:34:37.000+0000","0057Q000002bD1gQAE","2025-07-02T12:34:37.000+0000","","","","2025-06-26T08:43:26.000+0000","2025-06-26T08:43:26.000+0000","","","0","/services/images/photo/0037Q00000dfkBYQAY","","","Pending","0PK7Q000002dOKuWAM","0","","Primary","English","","","",""
"0037Q00000dfkBaQAI","0","","0017Q00000r5hGpQAI","SYKES","Lacie","Ms.","Lacie SYKES","","","","","","","","","960 Fieldstone Drive","","","","","","","","01705-240007","03-5722-3451","(212) 842-5611","","","","","0037q00000dfkbaqai@anonymized.com","ANONYMIZED TITLE","Technology","","Public Relations","1981-11-25","","0057Q000002bD1gQAE","2023-03-03T10:48:07.000+0000","0057Q000002bD1gQAE","2025-07-02T12:34:37.000+0000","0057Q000002bD1gQAE","2025-07-02T12:34:37.000+0000","","","","2025-06-26T08:43:26.000+0000","2025-06-26T08:43:26.000+0000","","","0","/services/images/photo/0037Q00000dfkBaQAI","","","Pending","0PK7Q000000gCFlWAM","0","","Secondary","English","","","",""
"0037Q00000dfkBbQAI","0","","0017Q00000r5hdJQAQ","KEYS","Latoria","Mr.","Latoria KEYS","","","","","","","","","844 2nd Avenue","","","","","","","","07-3594-6592","02-4776-1384","(650) 345-7636","","","","","0037q00000dfkbbqai@anonymized.com","ANONYMIZED TITLE","Executive Team","","Public Relations","1997-04-17","","0057Q000002bD1gQAE","2023-03-03T10:48:07.000+0000","0057Q000002bD1gQAE","2025-07-02T12:34:37.000+0000","0057Q000002bD1gQAE","2025-07-02T12:34:37.000+0000","","","","2025-06-26T08:43:26.000+0000","2025-06-26T08:43:26.000+0000","","","0","/services/images/photo/0037Q00000dfkBbQAI","","","Pending","0PK7Q000000vpomWAA","0","","Primary","English","","","",""
"0037Q00000dfkBcQAI","0","","0017Q00000r5hdJQAQ","NOLL","Pasquale","Ms.","Pasquale NOLL","","","","","","","","","998 York Street","","","","","","","","315-304-4759","01304-758732","(650) 345-6637","","","","","0037q00000dfkbcqai@anonymized.com","ANONYMIZED TITLE","Production","","Public Relations","2000-07-28","","0057Q000002bD1gQAE","2023-03-03T10:48:07.000+0000","0057Q000002bD1gQAE","2025-07-02T12:34:37.000+0000","0057Q000002bD1gQAE","2025-07-02T12:34:37.000+0000","","","","2025-06-26T08:43:26.000+0000","2025-06-26T08:43:26.000+0000","","","0","/services/images/photo/0037Q00000dfkBcQAI","","","Pending","0PK7Q000000gCHXWA2","0","","Secondary","English","","","",""
"0037Q00000dfkBfQAI","0","","0017Q00000r5hdOQAQ","STAMPER","Bridgett","Ms.","Bridgett STAMPER","","","","","","","","","547 Colonial Avenue","","","","","","","","905-486-5455","01589-654152","(520) 773-4539","","","","","0037q00000dfkbfqai@anonymized.com","ANONYMIZED TITLE","Administration","","Word of mouth","1985-05-30","","0057Q000002bD1gQAE","2023-03-03T10:48:07.000+0000","0057Q000002bD1gQAE","2025-07-02T12:34:37.000+0000","0057Q000002bD1gQAE","2025-07-02T12:34:37.000+0000","","","","2025-06-26T08:43:26.000+0000","2025-06-26T08:43:26.000+0000","","","0","/services/images/photo/0037Q00000dfkBfQAI","","","Pending","0PK7Q000000gBRTWA2","0","","Primary","English","","","",""
"0037Q00000dfkBgQAI","0","","0017Q00000r5hGpQAI","AMMONS","King","Mr.","King AMMONS","","","","","","","","","468 Strawberry Lane","","","","","","","","02-4776-1384","01477-796750","(212) 842-2383","","","02-7995-6787","","0037q00000dfkbgqai@anonymized.com","ANONYMIZED TITLE","Finance","ANONYMIZED ASSISTANT","Public Relations","1995-08-20","","0057Q000002bD1gQAE","2023-03-03T10:48:07.000+0000","0057Q000002bD1gQAE","2025-07-02T12:54:52.000+0000","0057Q000002bD1gQAE","2025-07-02T12:54:52.000+0000","","","","2025-06-26T08:43:26.000+0000","2025-06-26T08:43:26.000+0000","","","0","/services/images/photo/0037Q00000dfkBgQAI","","","Pending","0PKJ70000016YBCOA2","0","","Primary","English","","","",""
"0037Q0000197MuuQAE","0","","0017Q00000r5hGoQAI","MALIK","Willy","Mr.","Willy MALIK","","","","","","","","","641 2nd Street","","","","","","","","08-3412-6699","08-2401-5672","(312) 596-1563","","","","","0037q0000197muuqae@anonymized.com","ANONYMIZED TITLE","Facilities","","External Referral","1993-03-18","","0057Q000002bD1gQAE","2023-12-11T08:50:01.000+0000","0057Q000002bD1gQAE","2025-07-02T12:34:37.000+0000","0057Q000002bD1gQAE","2025-07-02T12:34:37.000+0000","","","","2025-06-26T08:43:26.000+0000","2025-06-26T08:43:26.000+0000","","","0","/services/images/photo/0037Q0000197MuuQAE","","","Pending","0PK7Q000000gBRRWA2","0","","Primary","English","0037Q00000dfkBdQAI","","",""
"003J700000Iy2wqIAB","0","","0017Q00000r5hdOQAQ","HAMRICK","Lucienne","Mr.","Lucienne HAMRICK","","","","","","","","","923 Bayberry Drive","Hacienda Heights","","4631","FR","","","","519-736-9305","","","","","","","003j700000iy2wqiab@anonymized.com","ANONYMIZED TITLE","Finance","","","2016-04-01","","0057Q000002bD1gQAE","2025-05-14T14:56:07.000+0000","0057Q000002bD1gQAE","2025-07-02T12:34:37.000+0000","0057Q000002bD1gQAE","2025-07-02T12:34:37.000+0000","","","","2025-06-26T08:43:26.000+0000","2025-06-26T08:43:26.000+0000","","","0","/services/images/photo/003J700000Iy2wqIAB","","","Pending","0PKJ70000016YoEOAU","0","","","","","","",""
"003J700000JvqrNIAR","0","","0017Q00000r5hdOQAQ","GEARY","Deidre","Ms.","Deidre GEARY","","","","","","","","","544 Andover Court","Hacienda Heights","","38047","FR","","","","07-4297-4607","","0699056845","2025","","","","003j700000jvqrniar@anonymized.com","","","","","","","0057Q000002bD1gQAE","2025-05-21T15:10:48.000+0000","0057Q000002bD1gQAE","2025-07-02T12:34:37.000+0000","0057Q000002bD1gQAE","2025-07-02T12:34:37.000+0000","","","","2025-06-26T08:43:26.000+0000","2025-06-26T08:43:26.000+0000","","","0","/services/images/photo/003J700000JvqrNIAR","","","Pending","0PKJ70000016YonOAE","0","","","","","","",""
"003J700000JvquRIAR","0","","","ALBERTSON","Henry","","Henry ALBERTSON","","","","","","","","","545 Fairway Drive","Hacienda Heights","","44703","FR","","","","418-319-1374","","0699056845","0699056845","","","","003j700000jvquriar@anonymized.com","","","","","","","0057Q000002bD1gQAE","2025-05-21T15:15:18.000+0000","0057Q000002bD1gQAE","2025-07-02T12:27:27.000+0000","0057Q000002bD1gQAE","2025-07-02T12:27:27.000+0000","","","","2025-07-02T12:25:49.000+0000","2025-07-02T12:25:49.000+0000","","","0","/services/images/photo/003J700000JvquRIAR","","","Pending","0PKJ70000016Yp2OAE","0","","","","","","",""
"0037Q00000dfkBZQAY","0","","0017Q00000r5hGpQAI","HERMANN","Penny","Ms.","Penny HERMANN","","","","","","","","","865 Fieldstone Drive","","","","","","","","613-875-3120","514-804-3533","(212) 842-5501","","02-4885-1611","907-870-5536","","0037q00000dfkbzqay@anonymized.com","ANONYMIZED TITLE","Productions","ANONYMIZED ASSISTANT","Public Relations","2015-08-04","","0057Q000002bD1gQAE","2023-03-03T10:48:07.000+0000","0057Q000002bD1gQAE","2025-07-02T12:54:52.000+0000","0057Q000002bD1gQAE","2025-07-02T12:54:52.000+0000","","","","2025-07-02T15:01:46.000+0000","2025-07-02T15:01:46.000+0000","","","0","/services/images/photo/0037Q00000dfkBZQAY","","","Pending","0PKJ70000016YuCOAU","0","","Tertiary","English","","","",""
"0037Q00000dfkBTQAY","0","","0017Q00000r5hdRQAQ","Nedaerk","Siddartha","Ms.","Siddartha Nedaerk","","","","","","","","","The Landmark @ One Market","San Francisco","CA","94087","US","","","","","","","","","","","","","","","","","","0057Q000002bD1gQAE","2023-03-03T10:48:07.000+0000","0057Q000002bD1gQAE","2025-03-24T16:20:21.000+0000","0057Q000002bD1gQAE","2025-03-24T16:20:21.000+0000","","","","","","","","0","/services/images/photo/0037Q00000dfkBTQAY","","","Pending","","0","","","","","","",""
"003J700000GZzoVIAT","0","","","ANDREW","Marni","Mr.","Marni ANDREW","","","","","","","","","78 Canal Street","Bronxville","","40299","FR","","","","416-681-6822","","","","","","","003j700000gzzoviat@anonymized.com","","","","","","","0057Q000002bD1gQAE","2025-02-25T07:20:06.000+0000","0057Q000002bD1gQAE","2025-03-24T16:06:29.000+0000","0057Q000002bD1gQAE","2025-03-24T16:06:29.000+0000","","","","","","","","0","/services/images/photo/003J700000GZzoVIAT","","","Pending","0PKJ70000016Y6MOAU","0","","","","","","",""
"0037Q00000dfkBNQAY","0","","0017Q00000r5hdRQAQ","Llorrac","Jake","Mr.","Jake Llorrac","","","","","","","","","","","","","","","","","","","","","","","","","","","Mr Smith","","2025-01-28","","0057Q000002bD1gQAE","2023-03-03T10:48:07.000+0000","0057Q000002bD1gQAE","2025-03-24T16:20:21.000+0000","0057Q000002bD1gQAE","2025-03-24T16:20:21.000+0000","","","","","","","","0","/services/images/photo/0037Q00000dfkBNQAY","","","Pending","0PK7Q000000gBRQWA2","0","","","","","","",""
"0037Q00000dfkBeQAI","0","","0017Q00000r5hdQQAQ","COUCH","Gabriel","Ms.","Gabriel COUCH","","","","","","","","","119 Beechwood Drive","","","","","","","","01437-681317","419-939-3613","(650) 867-7686","","","","","0037q00000dfkbeqai@anonymized.com","ANONYMIZED TITLE","Technology","","Partner","1981-11-24","","0057Q000002bD1gQAE","2023-03-03T10:48:07.000+0000","0057Q000002bD1gQAE","2025-03-24T16:20:21.000+0000","0057Q000002bD1gQAE","2025-03-24T16:20:21.000+0000","","","","","","","","0","/services/images/photo/0037Q00000dfkBeQAI","","","Pending","0PK7Q000000gCEnWAM","0","","Primary","English","","","",""
